"Day","Date","Time","Stop","Option group","Place","Details","Get there","Google Maps"
"Wed","7 Oct","22:00","Land, car to hotel","","Land, car to hotel","Turn on eSIM, get cash at an ATM","","https://www.google.com/maps/search/?api=1&query=Suvarnabhumi%20Airport"
"Wed","7 Oct","23:30","Check in: W22 by Burasari","","Check in: W22 by Burasari","One hotel for all 4 nights, Mittraphan Rd, Chinatown; Tell them you arrive late","Car: Car or Grab ~40 min to Chinatown","https://www.google.com/maps/search/?api=1&query=W22%20by%20Burasari"
"Thu","8 Oct","09:00","Ari morning","","Ari morning","Khao soi breakfast, then matcha","Grab: Grab ~25 min · or MRT Wat Mangkon → Chatuchak Park + BTS Mo Chit → Ari, ~40 min","https://www.google.com/maps/search/?api=1&query=Ongtong%20Khaosoi%20Ari%20Branch&query_place_id=ChIJT2m3lx2c4jARfziuf8CSZBY"
"Thu","8 Oct","09:00","Ari morning","","Ong Tong Khao Soi","Michelin-listed khao soi","","https://www.google.com/maps/search/?api=1&query=Ongtong%20Khaosoi%20Ari%20Branch&query_place_id=ChIJT2m3lx2c4jARfziuf8CSZBY"
"Thu","8 Oct","09:00","Ari morning","","Homey Taste (Ari branch)","Chiang Rai-style khao soi and nam ngiao. Seats inside Ari Bar, easy to miss","","https://www.google.com/maps/search/?api=1&query=Homey%20Taste%20Ari&query_place_id=ChIJTeEUQgCd4jARm4T2Oi3kaos"
"Thu","8 Oct","09:00","Ari morning","","MATCHAKA","matcha, coconut matcha","","https://www.google.com/maps/search/?api=1&query=MATCHAKA%20Ari&query_place_id=ChIJEYwjWL2d4jAR8gvrkG_-ShM"
"Thu","8 Oct","09:00","Ari morning","","GUMP's Ari","photo spots","","https://www.google.com/maps/search/?api=1&query=GUMP's%20Ari%20Community%20Space&query_place_id=ChIJM1j7INCd4jARvFX44ACwYQU"
"Thu","8 Oct","10:30","Boat noodles, Victory Monument","","Boat noodles, Victory Monument","Small bowls, order a few each; ~100 ฿","BTS: BTS Ari → Victory Monument, 2 stops · walk 5 min","https://www.google.com/maps/search/?api=1&query=Payak%20Boat%20Noodle&query_place_id=ChIJ2TBzi7Ce4jARamRDOztBSr4"
"Thu","8 Oct","10:30","Boat noodles, Victory Monument","","Baan Kuay Tiew Ruathong","riverside, 20 ฿ bowls. Try dry tom yum pork, crispy pork skin","","https://www.google.com/maps/search/?api=1&query=Baan%20Kuay%20Tiew%20Ruathong&query_place_id=ChIJ46MaYLCe4jARYgKxjbDAMYw"
"Thu","8 Oct","10:30","Boat noodles, Victory Monument","","Payak Boat Noodle","locals' pick","","https://www.google.com/maps/search/?api=1&query=Payak%20Boat%20Noodle&query_place_id=ChIJ2TBzi7Ce4jARamRDOztBSr4"
"Thu","8 Oct","10:30","Boat noodles, Victory Monument","","Anong Boat Noodle","same alley, air-con","","https://www.google.com/maps/search/?api=1&query=Anong%20Boat%20Noodle%20Restaurant&query_place_id=ChIJ9_q5XrCe4jARbp93B8SaXM0"
"Thu","8 Oct","11:15","Jim Thompson House","","Jim Thompson House","Teak houses and a jungle garden","BTS: BTS Victory Monument → Siam → National Stadium, ~15 min","https://www.google.com/maps/search/?api=1&query=Jim%20Thompson%20House%20Museum&query_place_id=ChIJWVT7hDKZ4jARGJOhe21RhOk"
"Thu","8 Oct","12:15","Lunch, Ratchathewi or Siam","","Lunch, Ratchathewi or Siam","Pick one; ~300 ฿","Walk: Walk ~10 min to Siam Square · or BTS 1 stop to Ratchathewi for Jaekoy","https://www.google.com/maps/search/?api=1&query=Jaekoy%20Somtum%20Phetchaburi%2012&query_place_id=ChIJQcxNN8ue4jAR4OLc3JszrTY"
"Thu","8 Oct","12:15","Lunch, Ratchathewi or Siam","","Jaekoy","Isan som tam and seafood, near BTS Ratchathewi","","https://www.google.com/maps/search/?api=1&query=Jaekoy%20Somtum%20Phetchaburi%2012&query_place_id=ChIJQcxNN8ue4jAR4OLc3JszrTY"
"Thu","8 Oct","12:15","Lunch, Ratchathewi or Siam","","Somtam Nua","Siam Square","","https://www.google.com/maps/search/?api=1&query=Somtam%20Nua%20Siam%20Square&query_place_id=ChIJe5jdmNeZ4jARNzb36wTdDws"
"Thu","8 Oct","12:15","Lunch, Ratchathewi or Siam","","Pad Thai Mae Thongbai","Siam Square","","https://www.google.com/maps/search/?api=1&query=Pad%20Thai%20Mae%20Thong%20Bai&query_place_id=ChIJk0zYKbWf4jARldGlo5qDzQ4"
"Thu","8 Oct","12:15","Lunch, Ratchathewi or Siam","","Pe Aor","tom yum noodles","","https://www.google.com/maps/search/?api=1&query=Pe%20Aor%20Tom%20Yum%20Kung%20Noodle&query_place_id=ChIJsW06FTWZ4jARLILZg-S3ODU"
"Thu","8 Oct","13:30","Siam Square","","Siam Square","Thai fashion brands and street shops","Walk: Walk ~5 min","https://www.google.com/maps/search/?api=1&query=GENTLEWOMAN%20Flagship%20Store%20Siam%20Square&query_place_id=ChIJeyw3j5qf4jARJT-cjhJ6ih0"
"Thu","8 Oct","13:30","Siam Square","","Photobooth at True Alpha Hub","Siam Square Soi 3, true coffee on the G floor","","https://www.google.com/maps/search/?api=1&query=True%20Alpha%20Hub&query_place_id=ChIJsZu4YNKe4jAR_rUm6FC4ZM0"
"Thu","8 Oct","13:30","Siam Square","","Gentlewoman flagship","Soi 7, VAT refund for tourists","","https://www.google.com/maps/search/?api=1&query=GENTLEWOMAN%20Flagship%20Store%20Siam%20Square&query_place_id=ChIJeyw3j5qf4jARJT-cjhJ6ih0"
"Thu","8 Oct","13:30","Siam Square","","Blendies","pistachio ice cream, Siam Square One","","https://www.google.com/maps/search/?api=1&query=Blendies%20Thailand%20Siam%20Square&query_place_id=ChIJ0ymrCdaf4jARx4S-OdaVNXI"
"Thu","8 Oct","14:15","BACC, 3rd floor","","BACC, 3rd floor","Opposite MBK; BKK Comics Art Festival on now","Walk: Walk ~5 min","https://www.google.com/maps/search/?api=1&query=Bangkok%20Art%20and%20Culture%20Centre"
"Thu","8 Oct","14:15","BACC, 3rd floor","","Andy & Fine photo house","photobooth, room 305","","https://www.google.com/maps/search/?api=1&query=Andy%20%26%20Fine%20Photo%20house%20BACC&query_place_id=ChIJFavXJYOf4jARTagrVssPs_Y"
"Thu","8 Oct","14:15","BACC, 3rd floor","","mini matcha","oriental speedbar, same floor","","https://www.google.com/maps/search/?api=1&query=mini%20oriental%20speedbar%20BACC&query_place_id=ChIJEdd35N-f4jARLIY-ksY3SSY"
"Thu","8 Oct","14:15","BACC, 3rd floor","","BKK Comics Art Festival","6–18 Oct","","https://www.google.com/maps/search/?api=1&query=Bangkok%20Art%20and%20Culture%20Centre"
"Thu","8 Oct","15:15","Siam Paragon & Siam Center","","Siam Paragon & Siam Center","Desserts and Thai tea on the G floor","Walk: Walk ~10 min on the skywalk","https://www.google.com/maps/search/?api=1&query=After%20You%20Siam%20Paragon&query_place_id=ChIJ9cBUz3Gf4jARk63wtqKJMv4"
"Thu","8 Oct","15:15","Siam Paragon & Siam Center","","After You","Shibuya Honey Toast, kakigori","","https://www.google.com/maps/search/?api=1&query=After%20You%20Siam%20Paragon&query_place_id=ChIJ9cBUz3Gf4jARk63wtqKJMv4"
"Thu","8 Oct","15:15","Siam Paragon & Siam Center","","Karun Thai Tea","G floor","","https://www.google.com/maps/search/?api=1&query=Karun%20Thai%20Tea%20Siam%20Paragon&query_place_id=ChIJI9x17Omf4jARDqrBnFQoX5w"
"Thu","8 Oct","15:15","Siam Paragon & Siam Center","","Kanom Siam","pandan cakes, G floor","","https://www.google.com/maps/search/?api=1&query=kanomsiam%20Siam%20Paragon&query_place_id=ChIJ7c1QQqOZ4jARG6a6kPo38oo"
"Thu","8 Oct","16:15","CentralWorld","","CentralWorld","Thai perfume, boat noodles, Erawan Shrine on the way","Walk: Walk ~10 min on the skywalk","https://www.google.com/maps/search/?api=1&query=CentralWorld%20Bangkok"
"Thu","8 Oct","16:15","CentralWorld","","Erawan Shrine","on the way","","https://www.google.com/maps/search/?api=1&query=The%20Shrine%20of%20Erawan&query_place_id=ChIJcdjtDNCe4jARVBbi7rkb-jA"
"Thu","8 Oct","16:15","CentralWorld","","Polo Fried Chicken","fried chicken and som tam, Grab ~5 min","","https://www.google.com/maps/search/?api=1&query=Polo%20Fried%20Chicken%20Soi%20Polo&query_place_id=ChIJ--rTNief4jARBGLQAL_tfHw"
"Thu","8 Oct","16:15","CentralWorld","","Thong Smith","boat noodles, CentralWorld 3F","","https://www.google.com/maps/search/?api=1&query=Thong%20Smith%20Siamese%20Boat%20Noodles%20CentralWorld&query_place_id=ChIJdWBQ1Baf4jARiWzyqhTuaU0"
"Thu","8 Oct","16:15","CentralWorld","","MITH Bangkok","2F Zone B. Try Nude, Another Tea, Oud & Black Tea, Mystery for Him","","https://www.google.com/maps/search/?api=1&query=MITH%20Bangkok%20CentralWorld&query_place_id=ChIJ7WK83M-e4jARtzQE99uVtc8"
"Thu","8 Oct","16:15","CentralWorld","","Butterfly Thai Perfume","1F Hug Thai zone. Try Mango Sticky Rice, Sweet Tea, Agarwood & Benzoin. ~2,590 ฿/60 ml","","https://www.google.com/maps/search/?api=1&query=Butterfly%20Thai%20Perfume%20Central%20World&query_place_id=ChIJ19HYWROf4jARImeCiNCTOxM"
"Thu","8 Oct","17:30","IKEA Sukhumvit (Emsphere)","","IKEA Sukhumvit (Emsphere)","Go to (un)FASHION first, then IKEA","BTS: BTS Chit Lom → Phrom Phong, 3 stops, ~10 min","https://www.google.com/maps/search/?api=1&query=IKEA%20Sukhumvit%20Emsphere&query_place_id=ChIJFYJ6q7ef4jARBeF4ZjmUEHk"
"Thu","8 Oct","17:30","IKEA Sukhumvit (Emsphere)","","IKEA","3rd floor, food corner","","https://www.google.com/maps/search/?api=1&query=IKEA%20Sukhumvit%20Emsphere&query_place_id=ChIJFYJ6q7ef4jARBeF4ZjmUEHk"
"Thu","8 Oct","17:30","IKEA Sukhumvit (Emsphere)","","KHIRI Thai Tea","Emsphere G floor","","https://www.google.com/maps/search/?api=1&query=KHIRI%20Thai%20Tea%20Emsphere&query_place_id=ChIJXU1ibgCf4jARDXIcLE8PiRU"
"Thu","8 Oct","17:30","IKEA Sukhumvit (Emsphere)","","The Commons Thonglor","Grab ~10 min. Open-air food hall and local brands. Only if you skip IKEA or (un)FASHION","","https://www.google.com/maps/search/?api=1&query=The%20Commons%20Thonglor&query_place_id=ChIJmZKsCFOe4jARjZUEQW7WV58"
"Thu","8 Oct","17:30","IKEA Sukhumvit (Emsphere)","","(un)FASHION District","Soi 39, ~5 min walk. Japanese-style vintage clothes, homeware, cafe","","https://www.google.com/maps/search/?api=1&query=(un)FASHION%20District%20S39&query_place_id=ChIJZe3DG02f4jARLq_xOM2rdoE"
"Thu","8 Oct","19:30","Dinner: Banthat Thong","","Dinner: Banthat Thong","Eat a bit lighter, the rib tower comes next; ~400 ฿","BTS: BTS Phrom Phong → Asok, MRT Sukhumvit → Sam Yan, ~25 min · or Grab ~20 min","https://www.google.com/maps/search/?api=1&query=Jeh%20O%20Chula&query_place_id=ChIJFVMU6y6Z4jARfM273-HwetM"
"Thu","8 Oct","19:30","Dinner: Banthat Thong","Dinner","Jeh O Chula","Mama tom yum, take a queue number","","https://www.google.com/maps/search/?api=1&query=Jeh%20O%20Chula&query_place_id=ChIJFVMU6y6Z4jARfM273-HwetM"
"Thu","8 Oct","19:30","Dinner: Banthat Thong","Dinner","Elvis Suki","butter scallops, glass noodles","","https://www.google.com/maps/search/?api=1&query=Elvis%20Suki&query_place_id=ChIJRTmdbaWZ4jARKd0jlRcjRbY"
"Thu","8 Oct","19:30","Dinner: Banthat Thong","Dinner","Baan Kook Kai","Mama noodles","","https://www.google.com/maps/search/?api=1&query=Baan%20Kook%20Kai&query_place_id=ChIJG4ARymCZ4jARxbB9m63l-dw"
"Thu","8 Oct","19:30","Dinner: Banthat Thong","Dinner","Here Hai (Here Duan)","crab fried rice, Banthat Thong shop","","https://www.google.com/maps/search/?api=1&query=Here%20Duan%20Banthat%20Thong&query_place_id=ChIJ5RXd55Kf4jARhvGi9tLxSAc"
"Thu","8 Oct","19:30","Dinner: Banthat Thong","Dinner","Lek Yai","tom yum noodles","","https://www.google.com/maps/search/?api=1&query=Lek%20Yai%20Traditional%20Tom%20Yum%20Noodles%20Sam%20Yan&query_place_id=ChIJB_B7YUyZ4jARuPyeBAQ4EnI"
"Thu","8 Oct","19:30","Dinner: Banthat Thong","Dinner","Ruay-Ruay","pad kra pao, Chula 12","","https://www.google.com/maps/search/?api=1&query=Ruay-Ruay%20Chula%2012&query_place_id=ChIJcQeB8L2Z4jARc2ExvuLprTs"
"Thu","8 Oct","19:30","Dinner: Banthat Thong","Dinner","Mookata: Taweechok","Thai BBQ","","https://www.google.com/maps/search/?api=1&query=Taweechok%20Mookata%20Bantadthong&query_place_id=ChIJjYtkDAmZ4jARVKOVErxm5xU"
"Thu","8 Oct","19:30","Dinner: Banthat Thong","Dinner","Mookata: Chuankin buffet","~398 ฿ all you can eat","","https://www.google.com/maps/search/?api=1&query=Chuankinmookrata%20BBQ%20Buffet%20Banthat%20Thong&query_place_id=ChIJxQCIniGZ4jARduevNHdAAxo"
"Thu","8 Oct","19:30","Dinner: Banthat Thong","Dessert","YOLK","egg tarts, not on Google Maps, look for it","","https://www.google.com/maps/search/?api=1&query=YOLK%20egg%20tart%20Banthat%20Thong"
"Thu","8 Oct","19:30","Dinner: Banthat Thong","Dessert","Jae Wan","bua loy, grass jelly, black sesame mochi","","https://www.google.com/maps/search/?api=1&query=Jae%20Wan%20Banthat%20Thong&query_place_id=ChIJFzK8PimZ4jARnkqwKGrzLts"
"Thu","8 Oct","19:30","Dinner: Banthat Thong","Dessert","Pungdet","toast dessert","","https://www.google.com/maps/search/?api=1&query=Pungdet%20Banthat%20Thong&query_place_id=ChIJ0WG5_vuZ4jARC5GKW9TRGfo"
"Thu","8 Oct","21:00","Jodd Fairs: volcano pork ribs","","Jodd Fairs: volcano pork ribs","Leng saeb pork rib tower at Diaw Maekhlong; Size M ~180 ฿ (~5 ribs) is enough for 2; Add sticky rice or som tam; Home: MRT Phra Ram 9 → Wat Mangkon ~25 min, or Grab; ~250 ฿","MRT: MRT Sam Yan → Phra Ram 9, ~15 min · walk ~10 min","https://www.google.com/maps/search/?api=1&query=Jodd%20Fairs%20Ratchada&query_place_id=ChIJk31AdLKf4jARXwt8iVGkqwI"
"Fri","9 Oct","08:00","Breakfast: On Lok Yun","","Breakfast: On Lok Yun","Old-school toast and eggs; ~150 ฿","MRT: From hotel: MRT Wat Mangkon → Sam Yot, 1 stop · walk 5 min","https://www.google.com/maps/search/?api=1&query=On%20Lok%20Yun&query_place_id=ChIJ3Sbd0P6Z4jARdVP-cMH6PmY"
"Fri","9 Oct","09:15","Grand Palace","","Grand Palace","Buy tickets inside the gate only; 500 ฿","Walk: Walk ~15 min · or MRT Sam Yot → Sanam Chai, 1 stop","https://www.google.com/maps/search/?api=1&query=The%20Grand%20Palace&query_place_id=ChIJPzZsMU6Z4jARQUzvk913bCo"
"Fri","9 Oct","11:00","Wang Lang Market snacks","","Wang Lang Market snacks","Local food market across the river; Snack light, the Old Town food walk comes next; ~150 ฿","Boat: Walk ~10 min to Tha Chang pier · cross-river ferry ~5 min to Wang Lang (Prannok)","https://www.google.com/maps/search/?api=1&query=Wang%20Lang%20Market&query_place_id=ChIJqZVFQ0CZ4jARcYeRi9n6IJk"
"Fri","9 Oct","11:00","Wang Lang Market snacks","On the way","Cocohype","on the way, near Tha Chang pier: coconut soft serve, cold coconuts","","https://www.google.com/maps/search/?api=1&query=Cocohype&query_place_id=ChIJ27sLoGSZ4jARky2g_uIvIJY"
"Fri","9 Oct","11:00","Wang Lang Market snacks","Eat","Japang Ice Cream","grilled butter bread with ice cream","","https://www.google.com/maps/search/?api=1&query=Japang%20Icecream&query_place_id=ChIJ90cDP0KZ4jARqy0A3nYd-Qg"
"Fri","9 Oct","11:00","Wang Lang Market snacks","Eat","Mew Popiah","fresh spring rolls with crab, in front of Lotus","","https://www.google.com/maps/search/?api=1&query=Bangkok%20Popiah%20Wang%20Lang&query_place_id=ChIJj0Qo1ZqZ4jAR4G7N_7SNmNM"
"Fri","9 Oct","11:00","Wang Lang Market snacks","Eat","Kanom bueng","crispy Thai crepes, ~40 ฿ for 11, several stalls","","https://www.google.com/maps/search/?api=1&query=Wang%20Lang%20Market&query_place_id=ChIJqZVFQ0CZ4jARcYeRi9n6IJk"
"Fri","9 Oct","11:00","Wang Lang Market snacks","Eat","Thua paep Khun Phat","mung bean dessert ~45 ฿ for 5, khanom tom ~30 ฿ for 8","","https://www.google.com/maps/search/?api=1&query=Thua%20Paep%20Khun%20Phat%20Siriraj&query_place_id=ChIJE5cd0qSZ4jARtXPE8--BlA4"
"Fri","9 Oct","11:00","Wang Lang Market snacks","Eat","Tao Huay Heng Sin","warm soy milk with ginger, take-away","","https://www.google.com/maps/search/?api=1&query=Tao%20Huay%20Heng%20Sin%20Wang%20Lang&query_place_id=ChIJJc9VF2mZ4jARuMYYiwMTQgA"
"Fri","9 Oct","11:00","Wang Lang Market snacks","Eat","Fiin Ice","fried ice cream, inside Wang Lang Plaza","","https://www.google.com/maps/search/?api=1&query=Fiin%20Ice%20Wang%20Lang&query_place_id=ChIJua0DUACZ4jARWy9EMAz9aiM"
"Fri","9 Oct","11:00","Wang Lang Market snacks","Take home","Salted egg tarts","a reviewer took 16 boxes home, look around","","https://www.google.com/maps/search/?api=1&query=Wang%20Lang%20Market&query_place_id=ChIJqZVFQ0CZ4jARcYeRi9n6IJk"
"Fri","9 Oct","11:00","Wang Lang Market snacks","Eat","Coke in a glass bottle","ice cold, sold at drink stalls","","https://www.google.com/maps/search/?api=1&query=Wang%20Lang%20Market&query_place_id=ChIJqZVFQ0CZ4jARcYeRi9n6IJk"
"Fri","9 Oct","11:50","Wat Arun","","Wat Arun","Quick photo stop; 200 ฿","Grab: Grab ~10 min","https://www.google.com/maps/search/?api=1&query=Wat%20Arun&query_place_id=ChIJaSv_6gaZ4jARnbiUVn6Z_YY"
"Fri","9 Oct","12:45","Old Town food walk","","Old Town food walk","Fai Ta Lu → Auntie Nid → K. Panich and Nuttaporn, ~4 min walk apart; ~500 ฿","Grab: Ferry back to Tha Tien · Grab ~10 min","https://www.google.com/maps/search/?api=1&query=Pad%20Thai%20Fai%20Ta%20Lu%20Dinso&query_place_id=ChIJJy7IpBSZ4jARJOWMygJHVfM"
"Fri","9 Oct","12:45","Old Town food walk","","Fai Ta Lu","pad thai, lunch","","https://www.google.com/maps/search/?api=1&query=Pad%20Thai%20Fai%20Ta%20Lu%20Dinso&query_place_id=ChIJJy7IpBSZ4jARJOWMygJHVfM"
"Fri","9 Oct","12:45","Old Town food walk","","Auntie Nid (red-lipstick auntie)","Thai milk tea, 40 ฿. Queue by sitting on the chairs inside","","https://www.google.com/maps/search/?api=1&query=Auntie%20Nid%20coffee%20shop&query_place_id=ChIJ3VEpkA-Z4jARW2HomIvLymQ"
"Fri","9 Oct","12:45","Old Town food walk","","K. Panich","mango sticky rice. Pay at the shop, eat across the street","","https://www.google.com/maps/search/?api=1&query=K.%20Panich%20Sticky%20Rice&query_place_id=ChIJWZU0mRGZ4jARFdWbuetBFRo"
"Fri","9 Oct","12:45","Old Town food walk","","Nuttaporn","coconut ice cream, next to K. Panich","","https://www.google.com/maps/search/?api=1&query=Nuttaporn%20Ice%20Cream&query_place_id=ChIJ5VJGvhGZ4jARSBZl5Kc7a2k"
"Fri","9 Oct","12:45","Old Town food walk","","Moo ping","grilled pork skewers, Pigg Siam or any street cart","","https://www.google.com/maps/search/?api=1&query=Pigg%20Siam%20moo%20ping&query_place_id=ChIJlYep91yZ4jARDIE3-PQd1Ok"
"Fri","9 Oct","12:45","Old Town food walk","","Chom Arun","backup lunch with Wat Arun view","","https://www.google.com/maps/search/?api=1&query=Chom%20Arun&query_place_id=ChIJg86wsZ-Z4jARYyyrIYV1rpw"
"Fri","9 Oct","15:00","Makro Sathorn: gifts and snacks","","Makro Sathorn: gifts and snacks","Wholesale prices, best for snacks in bulk; Cosmetics are better at Big C or Watsons; Put liquids and pastes in checked bags","Grab: Grab ~20 min","https://www.google.com/maps/search/?api=1&query=Makro%20Sathorn&query_place_id=ChIJPfiFiUmf4jAR0x5gZ-kJmCQ"
"Fri","9 Oct","15:00","Makro Sathorn: gifts and snacks","","Tao Kae Noi seaweed","big multi-packs, cheaper than 7-Eleven","","https://www.google.com/maps/search/?api=1&query=Makro%20Sathorn%20Bangkok"
"Fri","9 Oct","15:00","Makro Sathorn: gifts and snacks","","Bento squid snacks","spicy, buy the box of small packs to share out","","https://www.google.com/maps/search/?api=1&query=Makro%20Sathorn%20Bangkok"
"Fri","9 Oct","15:00","Makro Sathorn: gifts and snacks","","Koh-Kae peanuts","coconut or BBQ flavour, light to carry","","https://www.google.com/maps/search/?api=1&query=Makro%20Sathorn%20Bangkok"
"Fri","9 Oct","15:00","Makro Sathorn: gifts and snacks","","Dried mango, durian chips","dried fruit aisle; freeze-dried durian is a hit back home","","https://www.google.com/maps/search/?api=1&query=Makro%20Sathorn%20Bangkok"
"Fri","9 Oct","15:00","Makro Sathorn: gifts and snacks","","Thai tea mix","ChaTraMue or Number One bags, make Thai milk tea at home","","https://www.google.com/maps/search/?api=1&query=Makro%20Sathorn%20Bangkok"
"Fri","9 Oct","15:00","Makro Sathorn: gifts and snacks","","Tom yum and pad Thai paste","Lobo or Por Kwan packets, cheap gift for people who cook","","https://www.google.com/maps/search/?api=1&query=Makro%20Sathorn%20Bangkok"
"Fri","9 Oct","15:00","Makro Sathorn: gifts and snacks","","Mama tom yum noodles","creamy shrimp flavour, buy a pack of 10","","https://www.google.com/maps/search/?api=1&query=Makro%20Sathorn%20Bangkok"
"Fri","9 Oct","15:00","Makro Sathorn: gifts and snacks","","Balms and inhalers","Poy Sian, Hong Thai, Siang Pure. Else 7-Eleven or Big C","","https://www.google.com/maps/search/?api=1&query=Makro%20Sathorn%20Bangkok"
"Fri","9 Oct","16:15","Back to hotel, rest","","Back to hotel, rest","Drop the shopping and rest. Rooftop pool if you have time","Grab: Grab ~15 min back to the hotel","https://www.google.com/maps/search/?api=1&query=Hotel%20Royal%20Bangkok%20Chinatown&query_place_id=ChIJNeaGgiGZ4jARti015OlJo2A"
"Fri","9 Oct","16:15","Back to hotel, rest","","SELL THE SOULS","Si Phraya Rd, on the way back from Makro. Indie tees, zines, toys, tattoo flash books, vintage corner at the back","","https://www.google.com/maps/search/?api=1&query=SELL%20THE%20SOULS%20Bangkok&query_place_id=ChIJPbkjAgCZ4jARgKgzVcKaCyA"
"Fri","9 Oct","17:00","Sunset ride: blue-flag tourist boat","","Sunset ride: blue-flag tourist boat","Ratchawong → Phra Arthit (~25 min), past Wat Arun and the Grand Palace; Next blue boat back to ICONSIAM pier, around sunset; 40 ฿ per ride, buy at the pier; Last boat from Phra Arthit 18:30; Sit on the open deck; 80 ฿","Walk: Walk ~10 min from the hotel to Ratchawong Pier","https://www.google.com/maps/search/?api=1&query=Ratchawong%20Pier%20Bangkok"
"Fri","9 Oct","18:15","Bok Kia Tha Din Daeng","","Bok Kia Tha Din Daeng","Old-school shaved ice; ~40 ฿; ~40 ฿","Grab: Grab ~5 min from ICONSIAM pier","https://www.google.com/maps/search/?api=1&query=Bok%20Kia%20Tha%20Din%20Daeng&query_place_id=ChIJUZqnmeGY4jARu0Jb3Ri5pH0"
"Fri","9 Oct","19:00","ICONSIAM night: dinner and fountain show","","ICONSIAM night: dinner and fountain show","Dinner on the SookSiam street-food floor; Fountain show 20:00 or 21:00, River Park; Grab ~15 min back to the hotel","Grab: Grab ~5 min · or walk ~15 min","https://www.google.com/maps/search/?api=1&query=ICONSIAM&query_place_id=ChIJFRjwgc2Z4jAR9JIadoa9YBY"
"Fri","9 Oct","19:00","ICONSIAM night: dinner and fountain show","","DIY magnet","ask at Iconcraft","","https://www.google.com/maps/search/?api=1&query=Iconcraft%20ICONSIAM&query_place_id=ChIJC5_UO82Z4jARSBaK_m1XvkI"
"Fri","9 Oct","19:00","ICONSIAM night: dinner and fountain show","","ChaTraMue","Thai tea, G floor","","https://www.google.com/maps/search/?api=1&query=ChaTraMue%20Icon%20Siam&query_place_id=ChIJcYkMnc2Z4jARJ43GK4-vXOw"
"Fri","9 Oct","19:00","ICONSIAM night: dinner and fountain show","","KHIRI Thai Tea","G floor","","https://www.google.com/maps/search/?api=1&query=KHIRI%20Thai%20Tea%20ICONSIAM&query_place_id=ChIJhfPO5veZ4jARjNBocAEtDQM"
"Fri","9 Oct","19:00","ICONSIAM night: dinner and fountain show","","SookSiam","street-food floor, snacks","","https://www.google.com/maps/search/?api=1&query=SookSiam%20ICONSIAM&query_place_id=ChIJ3f_sPyqZ4jARnm5m2v_vzwM"
"Sat","10 Oct","07:15","Breakfast: Suriya Coffee","","Breakfast: Suriya Coffee","Canal-side tables facing the giant Buddha of Wat Paknam; Hot Thai tea, boran coffee, patongko with pandan cream, grilled bread with sweet milk; Grab a canal-side table first, English menu; ~100 ฿","Grab: Grab ~20 min from the hotel, leave by 6:55","https://www.google.com/maps/search/?api=1&query=SURIYA%20COFFEE%20(WAT%20KLANG%20MARKET)&query_place_id=ChIJswiUsVmY4jARKsZJvsU5Dcs"
"Sat","10 Oct","08:15","Talat Phlu stroll","","Talat Phlu stroll","Old Thonburi neighbourhood from the film How to Make Millions Before Grandma Dies; A short walk only, the food stalls get busy later in the day","Walk: Walk ~10 min","https://www.google.com/maps/search/?api=1&query=Talat%20Phlu%20food%20market&query_place_id=ChIJKbaIf16Y4jARc0vDYRX4Bi8"
"Sat","10 Oct","09:30","Or Tor Kor Market: fruit and snacks","","Or Tor Kor Market: fruit and snacks","Clean, calm market with fruit stalls and a ready-food area; You already had breakfast, so pick fruit and one or two snacks; ~150 ฿","Grab: Grab ~40 min to Or Tor Kor","https://www.google.com/maps/search/?api=1&query=Or%20Tor%20Kor%20Market&query_place_id=ChIJw4KnHhSc4jARdq9pN389cO8"
"Sat","10 Oct","09:30","Or Tor Kor Market: fruit and snacks","Hot food","Curry over rice","point at 2–3 curries in the ready-food area","","https://www.google.com/maps/search/?api=1&query=Or%20Tor%20Kor%20Market&query_place_id=ChIJw4KnHhSc4jARdq9pN389cO8"
"Sat","10 Oct","09:30","Or Tor Kor Market: fruit and snacks","Hot food","Duck noodles","","","https://www.google.com/maps/search/?api=1&query=Or%20Tor%20Kor%20Market&query_place_id=ChIJw4KnHhSc4jARdq9pN389cO8"
"Sat","10 Oct","09:30","Or Tor Kor Market: fruit and snacks","Hot food","Grilled pork, Isan sausage, pork satay","eat-as-you-walk skewers","","https://www.google.com/maps/search/?api=1&query=Or%20Tor%20Kor%20Market&query_place_id=ChIJw4KnHhSc4jARdq9pN389cO8"
"Sat","10 Oct","09:30","Or Tor Kor Market: fruit and snacks","Hot food","Grilled river prawns","share one plate","","https://www.google.com/maps/search/?api=1&query=Or%20Tor%20Kor%20Market&query_place_id=ChIJw4KnHhSc4jARdq9pN389cO8"
"Sat","10 Oct","09:30","Or Tor Kor Market: fruit and snacks","Fruit & sweets","Somsri Mango Shop","stall 6/34. Mango sticky rice, or pick a mango and they cut it","","https://www.google.com/maps/search/?api=1&query=SOMSRI%20MANGO%20SHOP%20Or%20Tor%20Kor&query_place_id=ChIJDZmYSUWd4jARZH4kShTqOn4"
"Sat","10 Oct","09:30","Or Tor Kor Market: fruit and snacks","Fruit & sweets","Durian","Ta-Toi stalls are the reviewers' pick, if in season","","https://www.google.com/maps/search/?api=1&query=Or%20Tor%20Kor%20Market&query_place_id=ChIJw4KnHhSc4jARdq9pN389cO8"
"Sat","10 Oct","09:30","Or Tor Kor Market: fruit and snacks","Fruit & sweets","Thai desserts","small coconut and pandan sweets, a few baht each","","https://www.google.com/maps/search/?api=1&query=Or%20Tor%20Kor%20Market&query_place_id=ChIJw4KnHhSc4jARdq9pN389cO8"
"Sat","10 Oct","09:30","Or Tor Kor Market: fruit and snacks","Coffee","Peaktellers Cafe","key lime tart, pistachio cheesecake, across the lane at the food end","","https://www.google.com/maps/search/?api=1&query=Peaktellers%20Cafe&query_place_id=ChIJJdplhTmd4jAR0BvuR6RB4kM"
"Sat","10 Oct","09:30","Or Tor Kor Market: fruit and snacks","Coffee","Royal Project Shop","highland produce and tea, small cafe next door","","https://www.google.com/maps/search/?api=1&query=Royal%20Project%20Shop%20Or%20Tor%20Kor&query_place_id=ChIJmSTqGBSc4jARN-amj_negC0"
"Sat","10 Oct","10:15","Chatuchak Weekend Market","","Chatuchak Weekend Market","Section and soi numbers are on signs at each lane corner; Snacks first, then shopping","Walk: Walk ~5 min across the road","https://www.google.com/maps/search/?api=1&query=Chatuchak%20Weekend%20Market&query_place_id=ChIJ3fiD6BSc4jARS324hNeR8ZE"
"Sat","10 Oct","10:15","Chatuchak Weekend Market","Where things are","Sections 2–4","trendy fashion and souvenirs","","https://www.google.com/maps/search/?api=1&query=Chatuchak%20Weekend%20Market&query_place_id=ChIJ3fiD6BSc4jARS324hNeR8ZE"
"Sat","10 Oct","10:15","Chatuchak Weekend Market","Where things are","Sections 5–6","vintage and second-hand clothes","","https://www.google.com/maps/search/?api=1&query=Chatuchak%20Weekend%20Market&query_place_id=ChIJ3fiD6BSc4jARS324hNeR8ZE"
"Sat","10 Oct","10:15","Chatuchak Weekend Market","Where things are","Section 7","minimalist home decor and art","","https://www.google.com/maps/search/?api=1&query=Chatuchak%20Weekend%20Market&query_place_id=ChIJ3fiD6BSc4jARS324hNeR8ZE"
"Sat","10 Oct","10:15","Chatuchak Weekend Market","Where things are","Sections 17–19","ceramics and clothing, some thrift","","https://www.google.com/maps/search/?api=1&query=Chatuchak%20Weekend%20Market&query_place_id=ChIJ3fiD6BSc4jARS324hNeR8ZE"
"Sat","10 Oct","10:15","Chatuchak Weekend Market","Where things are","Sections 22–27","food heaven","","https://www.google.com/maps/search/?api=1&query=Chatuchak%20Weekend%20Market&query_place_id=ChIJ3fiD6BSc4jARS324hNeR8ZE"
"Sat","10 Oct","10:15","Chatuchak Weekend Market","Shops","Scent District Bangkok","Section 15, Soi 10/6, rooms 188–189. Thai niche perfume brands","","https://www.google.com/maps/search/?api=1&query=Scent%20District%20Bangkok&query_place_id=ChIJj6yrDN6d4jARgbS5hisCIkI"
"Sat","10 Oct","10:15","Chatuchak Weekend Market","Shops","Witch's Scent","DIY perfume workshop, Thai brands","","https://www.google.com/maps/search/?api=1&query=Witch's%20Scent%20Thai%20Perfume&query_place_id=ChIJtXRAUYed4jARRRDyKeFCz9Y"
"Sat","10 Oct","10:15","Chatuchak Weekend Market","Shops","Breezy","Section 28, room 401. Aroma sprays, herbal rollers, candles for gifts","","https://www.google.com/maps/search/?api=1&query=Breezy%20Chatuchak&query_place_id=ChIJ82uxQ1-d4jARS3BSXlEpyus"
"Sat","10 Oct","10:15","Chatuchak Weekend Market","Shops","Karmakamet","by the MRT Kamphaeng Phet exit. Aroma sticks, room sprays","","https://www.google.com/maps/search/?api=1&query=Karmakamet%20Chatuchak%20Weekend%20Market&query_place_id=ChIJ_zTRIw6d4jARAw18dZsMg54"
"Sat","10 Oct","10:15","Chatuchak Weekend Market","Shops","Nice Little Clay Shop","Section 7, Soi 3, no. 110–112. Hand-painted mugs and ceramics","","https://www.google.com/maps/search/?api=1&query=Nice%20Little%20Clay%20Shop&query_place_id=ChIJWfHOpIad4jARnFW1EQbc0fs"
"Sat","10 Oct","10:15","Chatuchak Weekend Market","Shops","Lovely Soap","Section 9, Soi 18/2, rooms 345–347. Handmade soaps, good small gifts","","https://www.google.com/maps/search/?api=1&query=Lovely%20soap%20Chatuchak&query_place_id=ChIJuyl4XBWc4jAR7KBlpvQrp3A"
"Sat","10 Oct","10:15","Chatuchak Weekend Market","Shops","Little Thailand Global","Section 7, Soi 4. Thai inhalers, herbal sprays, cheap pharmacy souvenirs","","https://www.google.com/maps/search/?api=1&query=Little%20Thailand%20Global%20Chatuchak%20Market&query_place_id=ChIJVyDiad-d4jARMbxCgh5k3uU"
"Sat","10 Oct","10:15","Chatuchak Weekend Market","Eat & drink","Coco JJ coconut ice cream","Section 2. ~70 ฿ with 2 toppings, try sticky rice on top","","https://www.google.com/maps/search/?api=1&query=Coco%20JJ%20Coconut%20Icecream&query_place_id=ChIJ1WM9ShSc4jARlAH_ZOm-LaM"
"Sat","10 Oct","10:15","Chatuchak Weekend Market","Eat & drink","Sicha Premium Thai Tea","Section 3, Soi 46/2. ~100 ฿, ask for less sweet","","https://www.google.com/maps/search/?api=1&query=Sicha%20Premium%20Thai%20Tea%20Chatuchak&query_place_id=ChIJIQTWgyCd4jAR-fixnjLsZLg"
"Sat","10 Oct","10:15","Chatuchak Weekend Market","Eat & drink","Pui Pui mango sticky rice","Section 3, Soi 42/1, no. 021. 90 ฿ small, 140 ฿ big","","https://www.google.com/maps/search/?api=1&query=Pui%20Pui%20Mango%20sticky%20rice%20Chatuchak&query_place_id=ChIJGba_L72d4jARUN5qN_qLoUQ"
"Sat","10 Oct","10:15","Chatuchak Weekend Market","Eat & drink","Beef noodles","Section 4, Soi 48/3. Dry beef noodles ~100 ฿, chicken rice 80 ฿","","https://www.google.com/maps/search/?api=1&query=Beef%20noodles%20Jatujak%20market&query_place_id=ChIJr5uCqaad4jARuiwAnWHqHjc"
"Sat","10 Oct","10:15","Chatuchak Weekend Market","Eat & drink","Pork balls","Section 5, Soi 53/1, no. 024. Made fresh, short queue","","https://www.google.com/maps/search/?api=1&query=Chatuchak%20famous%20pork%20ball&query_place_id=ChIJTyMI-jqd4jARD1XNYORwaNU"
"Sat","10 Oct","10:15","Chatuchak Weekend Market","Eat & drink","Mae Sumontha roast pork","Section 22, Soi 4/2. Honey-glazed pork, pork burger. No English sign","","https://www.google.com/maps/search/?api=1&query=Roasted%20Honey%20Glazed%20Pork%20Mae%20Sumontha&query_place_id=ChIJyaweqRWc4jARszM8RKge0Gw"
"Sat","10 Oct","10:15","Chatuchak Weekend Market","Eat & drink","Auntie Tim's pork leg rice","hidden back aisle, use the Map pin","","https://www.google.com/maps/search/?api=1&query=Auntie%20Tim's%20Pork%20Leg%20Rice%20Chatuchak&query_place_id=ChIJbUP1AjCd4jARXSu892gWLek"
"Sat","10 Oct","10:15","Chatuchak Weekend Market","Eat & drink","ENCHANTÉ","fresh fruit on coconut ice cream in a coconut, ~140 ฿","","https://www.google.com/maps/search/?api=1&query=ENCHANTE%20Chatuchak&query_place_id=ChIJjyTwz1ad4jARL_yIz5mRI30"
"Sat","10 Oct","12:00","Lunch: 168 Thai Restaurant","","Lunch: 168 Thai Restaurant","Section 3, Soi 46/1, rooms 275–276; Air-con inside. Queue can reach 45 min at peak; ~200 ฿","Walk: Walk inside the market","https://www.google.com/maps/search/?api=1&query=168%20Thai%20Restaurant%20Chatuchak%20Market&query_place_id=ChIJYbm0DROd4jARoQyBuJwrgT0"
"Sat","10 Oct","12:45","Shoes Shi, Union Mall","","Shoes Shi, Union Mall","Thai cow-leather shoes, office and casual; ~1,200–2,900 ฿ a pair; 3rd floor, unit 3A-11","MRT: MRT Chatuchak Park → Phahon Yothin, 1 stop · or walk ~15 min","https://www.google.com/maps/search/?api=1&query=Shoes%20Shi%20Union%20Mall&query_place_id=ChIJw_4exFqc4jARXQk7iwANycw"
"Sat","10 Oct","13:45","MOCA Bangkok","","MOCA Bangkok","Thai modern art, 5 floors; 300 ฿","Grab: Grab ~15 min","https://www.google.com/maps/search/?api=1&query=MOCA%20Bangkok%20Museum%20of%20Contemporary%20Art&query_place_id=ChIJR5NzOMOc4jAR-zcXjSL3h84"
"Sat","10 Oct","15:45","Back to hotel, rest","","Back to hotel, rest","Rest before the night out","Grab: Grab ~30–40 min · or MRT from Chatuchak Park","https://www.google.com/maps/search/?api=1&query=Hotel%20Royal%20Bangkok%20Chinatown&query_place_id=ChIJNeaGgiGZ4jARti015OlJo2A"
"Sat","10 Oct","17:00","Chinatown afternoon","","Chinatown afternoon","All walkable from the hotel","Walk: Walk 5–10 min","https://www.google.com/maps/search/?api=1&query=Khao%20Gaeng%20Jek%20Pui&query_place_id=ChIJhdkNRSKZ4jARo-VgQ65HGYU"
"Sat","10 Oct","17:00","Chinatown afternoon","","Jek Pui Curry","curry rice on red stools","","https://www.google.com/maps/search/?api=1&query=Khao%20Gaeng%20Jek%20Pui&query_place_id=ChIJhdkNRSKZ4jARo-VgQ65HGYU"
"Sat","10 Oct","17:00","Chinatown afternoon","","Ann Guay Tiew Kua Gai","fried chicken noodles, Luang Rd","","https://www.google.com/maps/search/?api=1&query=Ann%20Guay%20Tiew%20Kua%20Gai&query_place_id=ChIJP05uSiOZ4jARd53xV1UgGp8"
"Sat","10 Oct","18:00","Vegetarian Festival, Yaowarat","","Vegetarian Festival, Yaowarat","Vegetarian Festival opening night. Walk and eat","Walk: Walk ~5 min","https://www.google.com/maps/search/?api=1&query=Walking%20Street%20Yaowarat%20Old%20Market&query_place_id=ChIJGyiS5viZ4jARi-8bN1EgtBY"
"Sat","10 Oct","19:30","Dinner: Yaowarat seafood","","Dinner: Yaowarat seafood","Around the Yaowarat–Phadung Dao corner; Pick a few and share; ~500 ฿","Walk: Walk ~5 min","https://www.google.com/maps/search/?api=1&query=T%20%26%20K%20Seafood%20Yaowarat&query_place_id=ChIJLyZrciGZ4jARC1iQWHQDdOU"
"Sat","10 Oct","19:30","Dinner: Yaowarat seafood","","T&K Seafood","crab and seafood, air-con seats","","https://www.google.com/maps/search/?api=1&query=T%20%26%20K%20Seafood%20Yaowarat&query_place_id=ChIJLyZrciGZ4jARC1iQWHQDdOU"
"Sat","10 Oct","19:30","Dinner: Yaowarat seafood","","Lek Seafood","across the road from T&K","","https://www.google.com/maps/search/?api=1&query=Lek%20Seafood%20Yaowarat&query_place_id=ChIJ9yiUcSGZ4jAR15Dnbu72HKk"
"Sat","10 Oct","19:30","Dinner: Yaowarat seafood","","Fikeaw Yaowarat","grilled lobster, crab, Soi 11","","https://www.google.com/maps/search/?api=1&query=Fikeaw%20Yaowarat&query_place_id=ChIJd5aTUzswEBERxUd4l-c4a4k"
"Sat","10 Oct","19:30","Dinner: Yaowarat seafood","","Guy Kao","grilled squid and octopus stall, mixed reviews","","https://www.google.com/maps/search/?api=1&query=Guy%20Kao%20Grilled%20Squid%20Yaowarat&query_place_id=ChIJDb2Wk_-Z4jAR1HH-KI1jVsg"
"Sat","10 Oct","19:30","Dinner: Yaowarat seafood","","Tungchae Oyster Bar","Plaeng Nam Rd","","https://www.google.com/maps/search/?api=1&query=Tungchae%20Oyster%20bar%20Yaowarat&query_place_id=ChIJp1GSYIyZ4jARTH4gBZ4sORI"
"Sat","10 Oct","19:30","Dinner: Yaowarat seafood","","Guay Jub Ouan Pochana","must try: guay jub","","https://www.google.com/maps/search/?api=1&query=Guay%20Jub%20Ouan%20Pochana&query_place_id=ChIJ_f2SjiGZ4jARZ_oV924fllg"
"Sat","10 Oct","19:30","Dinner: Yaowarat seafood","","Nai Ek Roll Noodle","guay jub, crispy pork","","https://www.google.com/maps/search/?api=1&query=Nai%20Ek%20Roll%20Noodle&query_place_id=ChIJqf3idSGZ4jAR2rKmc655Qmk"
"Sun","11 Oct","07:45","Khlong Lat Mayom floating market","","Khlong Lat Mayom floating market","Local weekend market, have breakfast there; Canal boat ~1 hr, 100 ฿","Grab: Grab ~40 min from hotel","https://www.google.com/maps/search/?api=1&query=Khlong%20Lad%20Mayom%20Floating%20Market&query_place_id=ChIJzddV98ed4jARsZ7Bi-51v2k"
"Sun","11 Oct","10:45","TCDC design center","","TCDC design center","Design library and rooftop; Sarnies Bangkok nearby for coffee; ~100 ฿","Grab: Grab ~30 min","https://www.google.com/maps/search/?api=1&query=TCDC%20Bangkok%20Thailand%20Creative%20%26%20Design%20Center&query_place_id=ChIJ_2a1LQKf4jAR8ya-XxsPfCg"
"Sun","11 Oct","11:45","Talat Noi & Songwat walk","","Talat Noi & Songwat walk","Old riverside lanes, street art, cafes","Walk: Walk ~10 min","https://www.google.com/maps/search/?api=1&query=Talat%20Noi%20Bangkok"
"Sun","11 Oct","11:45","Talat Noi & Songwat walk","Explore","Talat Noi street art lanes","Soi Wanit 2 area","","https://www.google.com/maps/search/?api=1&query=Talat%20Noi%20street%20art%20Soi%20Wanit%202"
"Sun","11 Oct","11:45","Talat Noi & Songwat walk","Explore","The Corner House","4-floor creative space on Charoen Krung 35: cafes, vinyl, ceramics, craft beer, rooftop perfume shop","","https://www.google.com/maps/search/?api=1&query=The%20Corner%20House%20Bangkok&query_place_id=ChIJe7wn3qWZ4jARoUTHZlsnBII"
"Sun","11 Oct","11:45","Talat Noi & Songwat walk","Explore","965bkk","cafe and design shop in a 200-year-old merchant house. Order a drink to enter the cafe","","https://www.google.com/maps/search/?api=1&query=965bkk%20Talat%20Noi&query_place_id=ChIJzyd4esyZ4jARjDlkOpNhnbI"
"Sun","11 Oct","11:45","Talat Noi & Songwat walk","Cafes","Hong Sieng Kong","river-view cafe in an old Chinese house","","https://www.google.com/maps/search/?api=1&query=Hong%20Sieng%20Kong&query_place_id=ChIJ580MFqCZ4jARh5fpv9GvfSs"
"Sun","11 Oct","11:45","Talat Noi & Songwat walk","Cafes","The Summer Coffee","cheap, well rated","","https://www.google.com/maps/search/?api=1&query=The%20Summer%20Coffee%20Talat%20Noi&query_place_id=ChIJs77ujN6Z4jARRhSuQRX7U-o"
"Sun","11 Oct","11:45","Talat Noi & Songwat walk","Cafes","House of Supha","coffee","","https://www.google.com/maps/search/?api=1&query=House%20of%20Supha&query_place_id=ChIJbcLfrM-Z4jARD7GvKF9K9k4"
"Sun","11 Oct","11:45","Talat Noi & Songwat walk","Cafes","KHIRI Thai Tea flagship","try On Cloud","","https://www.google.com/maps/search/?api=1&query=KHIRI%20Thai%20Tea%20Flagship%20Store&query_place_id=ChIJ_0P3hgOZ4jARaor-5UJtKgo"
"Sun","11 Oct","11:45","Talat Noi & Songwat walk","Explore","Soul Songwat","riverside old building, cafes","","https://www.google.com/maps/search/?api=1&query=Soul%20Songwat&query_place_id=ChIJvwNAcMqZ4jARF1ITrVKgYK4"
"Sun","11 Oct","11:45","Talat Noi & Songwat walk","Cafes","HUGS Songwat Cafe","Songwat Rd","","https://www.google.com/maps/search/?api=1&query=HUGS%20SONGWAT%20CAFE&query_place_id=ChIJZVkzVU6Z4jARkpN8tuNnbo4"
"Sun","11 Oct","11:45","Talat Noi & Songwat walk","Cafes","Olive Kitchen x The Branch","brunch, Songwat Rd","","https://www.google.com/maps/search/?api=1&query=Olive%20Kitchen%20x%20The%20Branch%20Songwat&query_place_id=ChIJUR8cHQCZ4jARY9VegF909rA"
"Sun","11 Oct","13:00","Check out, lunch","","Check out, lunch","Leave bags at the hotel","Walk: Walk ~10 min to the hotel","https://www.google.com/maps/search/?api=1&query=Hotel%20Royal%20Bangkok%20Chinatown&query_place_id=ChIJNeaGgiGZ4jARti015OlJo2A"
"Sun","11 Oct","13:45","Free time, pick one (optional)","","Free time, pick one (optional)","All within ~10 min of the hotel; Back by 15:15","Walk: Walk · or Grab ~10 min","https://www.google.com/maps/search/?api=1&query=Sampheng%20Market&query_place_id=ChIJQ0hhIRmZ4jAR7Xt0Q5uQcZ8"
"Sun","11 Oct","13:45","Free time, pick one (optional)","","Sampeng Market","cheap accessories, clothes, snacks","","https://www.google.com/maps/search/?api=1&query=Sampheng%20Market&query_place_id=ChIJQ0hhIRmZ4jAR7Xt0Q5uQcZ8"
"Sun","11 Oct","13:45","Free time, pick one (optional)","","Pak Khlong Talat","flower market, Grab ~10 min","","https://www.google.com/maps/search/?api=1&query=Pak%20Khlong%20Talat&query_place_id=ChIJL-UmnhyZ4jARuwY-UTadgnI"
"Sun","11 Oct","13:45","Free time, pick one (optional)","","Qilin 麒麟","antique Chinese tea room, photo spots","","https://www.google.com/maps/search/?api=1&query=Qilin%20tea%20room%20Chinatown&query_place_id=ChIJz3gKoNeZ4jARiKEHifCSNqg"
"Sun","11 Oct","13:45","Free time, pick one (optional)","","Wat Traimit","Golden Buddha, 5 min walk, 100 ฿","","https://www.google.com/maps/search/?api=1&query=Wat%20Traimit%20Golden%20Buddha&query_place_id=ChIJWaoiBdmY4jAReVIX1maq_-I"
"Sun","11 Oct","13:45","Free time, pick one (optional)","","Lek Massage","foot massage before the flight","","https://www.google.com/maps/search/?api=1&query=Lek%20Massage%20Chinatown%20MRT%20Wat%20Mangkon&query_place_id=ChIJdaL0r_CZ4jARfaymdeiPifU"
"Sun","11 Oct","15:30","To the airport","","To the airport","Car, Grab, or MRT + Airport Rail Link","Grab: Grab 45–60 min · or MRT + Airport Rail Link ~1 hr","https://www.google.com/maps/search/?api=1&query=Suvarnabhumi%20Airport"
"Sun","11 Oct","16:30","After You buns (take-away)","","After You buns (take-away)","Arrivals level 2, Gate 1. Buy before check-in","Walk: Inside the airport, before check-in","https://www.google.com/maps/search/?api=1&query=After%20You%20Dessert%20Cafe%20Suvarnabhumi%20Airport&query_place_id=ChIJvYD4tIZnHTERa0Ad4VJfkbY"
"Sun","11 Oct","17:30","Garrett Popcorn","","Garrett Popcorn","4th floor, after immigration","Walk: After immigration","https://www.google.com/maps/search/?api=1&query=Garrett%20Popcorn%20Suvarnabhumi%20Airport&query_place_id=ChIJ1Uhth9VnHTERYM-8jrf7DDs"