"Category","Item","Details","Day","Google Maps"
"Must-try dishes","Khao soi","Ong Tong or Homey Taste, Ari","Thu",""
"Must-try dishes","Boat noodles","Victory Monument","Thu",""
"Must-try dishes","Som tam and Isan food","Jaekoy or Somtam Nua","Thu",""
"Must-try dishes","Mama tom yum","Jeh O Chula","Thu",""
"Must-try dishes","Leng saeb rib tower","Jodd Fairs","Thu",""
"Must-try dishes","Thai dessert bowls (bua loy)","Jae Wan","Thu",""
"Must-try dishes","Pad thai","Fai Ta Lu","Fri",""
"Must-try dishes","Thai milk tea","Auntie Nid","Fri",""
"Must-try dishes","Mango sticky rice","K. Panich","Fri",""
"Must-try dishes","Coconut ice cream","Nuttaporn","Fri",""
"Must-try dishes","Moo ping (grilled pork skewers)","Old Town street carts","Fri",""
"Must-try dishes","Khanom bueng (crispy crepes)","Wang Lang Market","Fri",""
"Must-try dishes","Grilled butter bread with ice cream","Japang, Wang Lang","Fri",""
"Must-try dishes","Boran coffee and patongko","Suriya Coffee","Sat",""
"Must-try dishes","Curry over rice","Or Tor Kor or Jek Pui","Sat",""
"Must-try dishes","Guay jub (peppery roll noodles)","Yaowarat","Sat",""
"Must-try dishes","Grilled seafood","Yaowarat","Sat",""
"Must-try dishes","Thai tea (KHIRI)","Talat Noi flagship","Sun",""
"Must-try dishes","After You buns","Airport","Sun",""
"Food and drink spots","Ong Tong Khao Soi","Michelin-listed khao soi","Thu","https://www.google.com/maps/search/?api=1&query=Ongtong%20Khaosoi%20Ari%20Branch&query_place_id=ChIJT2m3lx2c4jARfziuf8CSZBY"
"Food and drink spots","Homey Taste (Ari branch)","Chiang Rai-style khao soi and nam ngiao. Seats inside Ari Bar, easy to miss","Thu","https://www.google.com/maps/search/?api=1&query=Homey%20Taste%20Ari&query_place_id=ChIJTeEUQgCd4jARm4T2Oi3kaos"
"Food and drink spots","MATCHAKA","matcha, coconut matcha","Thu","https://www.google.com/maps/search/?api=1&query=MATCHAKA%20Ari&query_place_id=ChIJEYwjWL2d4jAR8gvrkG_-ShM"
"Food and drink spots","Baan Kuay Tiew Ruathong","riverside, 20 ฿ bowls. Try dry tom yum pork, crispy pork skin","Thu","https://www.google.com/maps/search/?api=1&query=Baan%20Kuay%20Tiew%20Ruathong&query_place_id=ChIJ46MaYLCe4jARYgKxjbDAMYw"
"Food and drink spots","Payak Boat Noodle","locals' pick","Thu","https://www.google.com/maps/search/?api=1&query=Payak%20Boat%20Noodle&query_place_id=ChIJ2TBzi7Ce4jARamRDOztBSr4"
"Food and drink spots","Anong Boat Noodle","same alley, air-con","Thu","https://www.google.com/maps/search/?api=1&query=Anong%20Boat%20Noodle%20Restaurant&query_place_id=ChIJ9_q5XrCe4jARbp93B8SaXM0"
"Food and drink spots","Jaekoy","Isan som tam and seafood, near BTS Ratchathewi","Thu","https://www.google.com/maps/search/?api=1&query=Jaekoy%20Somtum%20Phetchaburi%2012&query_place_id=ChIJQcxNN8ue4jAR4OLc3JszrTY"
"Food and drink spots","Somtam Nua","Siam Square","Thu","https://www.google.com/maps/search/?api=1&query=Somtam%20Nua%20Siam%20Square&query_place_id=ChIJe5jdmNeZ4jARNzb36wTdDws"
"Food and drink spots","Pad Thai Mae Thongbai","Siam Square","Thu","https://www.google.com/maps/search/?api=1&query=Pad%20Thai%20Mae%20Thong%20Bai&query_place_id=ChIJk0zYKbWf4jARldGlo5qDzQ4"
"Food and drink spots","Pe Aor","tom yum noodles","Thu","https://www.google.com/maps/search/?api=1&query=Pe%20Aor%20Tom%20Yum%20Kung%20Noodle&query_place_id=ChIJsW06FTWZ4jARLILZg-S3ODU"
"Food and drink spots","Blendies","pistachio ice cream, Siam Square One","Thu","https://www.google.com/maps/search/?api=1&query=Blendies%20Thailand%20Siam%20Square&query_place_id=ChIJ0ymrCdaf4jARx4S-OdaVNXI"
"Food and drink spots","mini matcha","oriental speedbar, same floor","Thu","https://www.google.com/maps/search/?api=1&query=mini%20oriental%20speedbar%20BACC&query_place_id=ChIJEdd35N-f4jARLIY-ksY3SSY"
"Food and drink spots","After You","Shibuya Honey Toast, kakigori","Thu","https://www.google.com/maps/search/?api=1&query=After%20You%20Siam%20Paragon&query_place_id=ChIJ9cBUz3Gf4jARk63wtqKJMv4"
"Food and drink spots","Karun Thai Tea","G floor","Thu","https://www.google.com/maps/search/?api=1&query=Karun%20Thai%20Tea%20Siam%20Paragon&query_place_id=ChIJI9x17Omf4jARDqrBnFQoX5w"
"Food and drink spots","Kanom Siam","pandan cakes, G floor","Thu","https://www.google.com/maps/search/?api=1&query=kanomsiam%20Siam%20Paragon&query_place_id=ChIJ7c1QQqOZ4jARG6a6kPo38oo"
"Food and drink spots","Polo Fried Chicken","fried chicken and som tam, Grab ~5 min","Thu","https://www.google.com/maps/search/?api=1&query=Polo%20Fried%20Chicken%20Soi%20Polo&query_place_id=ChIJ--rTNief4jARBGLQAL_tfHw"
"Food and drink spots","Thong Smith","boat noodles, CentralWorld 3F","Thu","https://www.google.com/maps/search/?api=1&query=Thong%20Smith%20Siamese%20Boat%20Noodles%20CentralWorld&query_place_id=ChIJdWBQ1Baf4jARiWzyqhTuaU0"
"Food and drink spots","KHIRI Thai Tea","Emsphere G floor","Thu","https://www.google.com/maps/search/?api=1&query=KHIRI%20Thai%20Tea%20Emsphere&query_place_id=ChIJXU1ibgCf4jARDXIcLE8PiRU"
"Food and drink spots","Jeh O Chula","Mama tom yum, take a queue number","Thu","https://www.google.com/maps/search/?api=1&query=Jeh%20O%20Chula&query_place_id=ChIJFVMU6y6Z4jARfM273-HwetM"
"Food and drink spots","Elvis Suki","butter scallops, glass noodles","Thu","https://www.google.com/maps/search/?api=1&query=Elvis%20Suki&query_place_id=ChIJRTmdbaWZ4jARKd0jlRcjRbY"
"Food and drink spots","Baan Kook Kai","Mama noodles","Thu","https://www.google.com/maps/search/?api=1&query=Baan%20Kook%20Kai&query_place_id=ChIJG4ARymCZ4jARxbB9m63l-dw"
"Food and drink spots","Here Hai (Here Duan)","crab fried rice, Banthat Thong shop","Thu","https://www.google.com/maps/search/?api=1&query=Here%20Duan%20Banthat%20Thong&query_place_id=ChIJ5RXd55Kf4jARhvGi9tLxSAc"
"Food and drink spots","Lek Yai","tom yum noodles","Thu","https://www.google.com/maps/search/?api=1&query=Lek%20Yai%20Traditional%20Tom%20Yum%20Noodles%20Sam%20Yan&query_place_id=ChIJB_B7YUyZ4jARuPyeBAQ4EnI"
"Food and drink spots","Ruay-Ruay","pad kra pao, Chula 12","Thu","https://www.google.com/maps/search/?api=1&query=Ruay-Ruay%20Chula%2012&query_place_id=ChIJcQeB8L2Z4jARc2ExvuLprTs"
"Food and drink spots","Mookata: Taweechok","Thai BBQ","Thu","https://www.google.com/maps/search/?api=1&query=Taweechok%20Mookata%20Bantadthong&query_place_id=ChIJjYtkDAmZ4jARVKOVErxm5xU"
"Food and drink spots","Mookata: Chuankin buffet","~398 ฿ all you can eat","Thu","https://www.google.com/maps/search/?api=1&query=Chuankinmookrata%20BBQ%20Buffet%20Banthat%20Thong&query_place_id=ChIJxQCIniGZ4jARduevNHdAAxo"
"Food and drink spots","YOLK","egg tarts, not on Google Maps, look for it","Thu","https://www.google.com/maps/search/?api=1&query=YOLK%20egg%20tart%20Banthat%20Thong"
"Food and drink spots","Jae Wan","bua loy, grass jelly, black sesame mochi","Thu","https://www.google.com/maps/search/?api=1&query=Jae%20Wan%20Banthat%20Thong&query_place_id=ChIJFzK8PimZ4jARnkqwKGrzLts"
"Food and drink spots","Pungdet","toast dessert","Thu","https://www.google.com/maps/search/?api=1&query=Pungdet%20Banthat%20Thong&query_place_id=ChIJ0WG5_vuZ4jARC5GKW9TRGfo"
"Food and drink spots","Jodd Fairs","","Thu","https://www.google.com/maps/search/?api=1&query=Jodd%20Fairs%20Ratchada&query_place_id=ChIJk31AdLKf4jARXwt8iVGkqwI"
"Food and drink spots","On Lok Yun","","Fri","https://www.google.com/maps/search/?api=1&query=On%20Lok%20Yun&query_place_id=ChIJ3Sbd0P6Z4jARdVP-cMH6PmY"
"Food and drink spots","Cocohype","on the way, near Tha Chang pier: coconut soft serve, cold coconuts","Fri","https://www.google.com/maps/search/?api=1&query=Cocohype&query_place_id=ChIJ27sLoGSZ4jARky2g_uIvIJY"
"Food and drink spots","Japang Ice Cream","grilled butter bread with ice cream","Fri","https://www.google.com/maps/search/?api=1&query=Japang%20Icecream&query_place_id=ChIJ90cDP0KZ4jARqy0A3nYd-Qg"
"Food and drink spots","Mew Popiah","fresh spring rolls with crab, in front of Lotus","Fri","https://www.google.com/maps/search/?api=1&query=Bangkok%20Popiah%20Wang%20Lang&query_place_id=ChIJj0Qo1ZqZ4jAR4G7N_7SNmNM"
"Food and drink spots","Kanom bueng","crispy Thai crepes, ~40 ฿ for 11, several stalls","Fri","https://www.google.com/maps/search/?api=1&query=Wang%20Lang%20Market&query_place_id=ChIJqZVFQ0CZ4jARcYeRi9n6IJk"
"Food and drink spots","Thua paep Khun Phat","mung bean dessert ~45 ฿ for 5, khanom tom ~30 ฿ for 8","Fri","https://www.google.com/maps/search/?api=1&query=Thua%20Paep%20Khun%20Phat%20Siriraj&query_place_id=ChIJE5cd0qSZ4jARtXPE8--BlA4"
"Food and drink spots","Tao Huay Heng Sin","warm soy milk with ginger, take-away","Fri","https://www.google.com/maps/search/?api=1&query=Tao%20Huay%20Heng%20Sin%20Wang%20Lang&query_place_id=ChIJJc9VF2mZ4jARuMYYiwMTQgA"
"Food and drink spots","Fiin Ice","fried ice cream, inside Wang Lang Plaza","Fri","https://www.google.com/maps/search/?api=1&query=Fiin%20Ice%20Wang%20Lang&query_place_id=ChIJua0DUACZ4jARWy9EMAz9aiM"
"Food and drink spots","Coke in a glass bottle","ice cold, sold at drink stalls","Fri","https://www.google.com/maps/search/?api=1&query=Wang%20Lang%20Market&query_place_id=ChIJqZVFQ0CZ4jARcYeRi9n6IJk"
"Food and drink spots","Fai Ta Lu","pad thai, lunch","Fri","https://www.google.com/maps/search/?api=1&query=Pad%20Thai%20Fai%20Ta%20Lu%20Dinso&query_place_id=ChIJJy7IpBSZ4jARJOWMygJHVfM"
"Food and drink spots","Auntie Nid (red-lipstick auntie)","Thai milk tea, 40 ฿. Queue by sitting on the chairs inside","Fri","https://www.google.com/maps/search/?api=1&query=Auntie%20Nid%20coffee%20shop&query_place_id=ChIJ3VEpkA-Z4jARW2HomIvLymQ"
"Food and drink spots","K. Panich","mango sticky rice. Pay at the shop, eat across the street","Fri","https://www.google.com/maps/search/?api=1&query=K.%20Panich%20Sticky%20Rice&query_place_id=ChIJWZU0mRGZ4jARFdWbuetBFRo"
"Food and drink spots","Nuttaporn","coconut ice cream, next to K. Panich","Fri","https://www.google.com/maps/search/?api=1&query=Nuttaporn%20Ice%20Cream&query_place_id=ChIJ5VJGvhGZ4jARSBZl5Kc7a2k"
"Food and drink spots","Moo ping","grilled pork skewers, Pigg Siam or any street cart","Fri","https://www.google.com/maps/search/?api=1&query=Pigg%20Siam%20moo%20ping&query_place_id=ChIJlYep91yZ4jARDIE3-PQd1Ok"
"Food and drink spots","Chom Arun","backup lunch with Wat Arun view","Fri","https://www.google.com/maps/search/?api=1&query=Chom%20Arun&query_place_id=ChIJg86wsZ-Z4jARYyyrIYV1rpw"
"Food and drink spots","Bok Kia Tha Din Daeng","","Fri","https://www.google.com/maps/search/?api=1&query=Bok%20Kia%20Tha%20Din%20Daeng&query_place_id=ChIJUZqnmeGY4jARu0Jb3Ri5pH0"
"Food and drink spots","ChaTraMue","Thai tea, G floor","Fri","https://www.google.com/maps/search/?api=1&query=ChaTraMue%20Icon%20Siam&query_place_id=ChIJcYkMnc2Z4jARJ43GK4-vXOw"
"Food and drink spots","SookSiam","street-food floor, snacks","Fri","https://www.google.com/maps/search/?api=1&query=SookSiam%20ICONSIAM&query_place_id=ChIJ3f_sPyqZ4jARnm5m2v_vzwM"
"Food and drink spots","Suriya Coffee","","Sat","https://www.google.com/maps/search/?api=1&query=SURIYA%20COFFEE%20(WAT%20KLANG%20MARKET)&query_place_id=ChIJswiUsVmY4jARKsZJvsU5Dcs"
"Food and drink spots","Curry over rice","point at 2–3 curries in the ready-food area","Sat","https://www.google.com/maps/search/?api=1&query=Or%20Tor%20Kor%20Market&query_place_id=ChIJw4KnHhSc4jARdq9pN389cO8"
"Food and drink spots","Duck noodles","","Sat","https://www.google.com/maps/search/?api=1&query=Or%20Tor%20Kor%20Market&query_place_id=ChIJw4KnHhSc4jARdq9pN389cO8"
"Food and drink spots","Grilled pork, Isan sausage, pork satay","eat-as-you-walk skewers","Sat","https://www.google.com/maps/search/?api=1&query=Or%20Tor%20Kor%20Market&query_place_id=ChIJw4KnHhSc4jARdq9pN389cO8"
"Food and drink spots","Grilled river prawns","share one plate","Sat","https://www.google.com/maps/search/?api=1&query=Or%20Tor%20Kor%20Market&query_place_id=ChIJw4KnHhSc4jARdq9pN389cO8"
"Food and drink spots","Somsri Mango Shop","stall 6/34. Mango sticky rice, or pick a mango and they cut it","Sat","https://www.google.com/maps/search/?api=1&query=SOMSRI%20MANGO%20SHOP%20Or%20Tor%20Kor&query_place_id=ChIJDZmYSUWd4jARZH4kShTqOn4"
"Food and drink spots","Durian","Ta-Toi stalls are the reviewers' pick, if in season","Sat","https://www.google.com/maps/search/?api=1&query=Or%20Tor%20Kor%20Market&query_place_id=ChIJw4KnHhSc4jARdq9pN389cO8"
"Food and drink spots","Thai desserts","small coconut and pandan sweets, a few baht each","Sat","https://www.google.com/maps/search/?api=1&query=Or%20Tor%20Kor%20Market&query_place_id=ChIJw4KnHhSc4jARdq9pN389cO8"
"Food and drink spots","Peaktellers Cafe","key lime tart, pistachio cheesecake, across the lane at the food end","Sat","https://www.google.com/maps/search/?api=1&query=Peaktellers%20Cafe&query_place_id=ChIJJdplhTmd4jAR0BvuR6RB4kM"
"Food and drink spots","Coco JJ coconut ice cream","Section 2. ~70 ฿ with 2 toppings, try sticky rice on top","Sat","https://www.google.com/maps/search/?api=1&query=Coco%20JJ%20Coconut%20Icecream&query_place_id=ChIJ1WM9ShSc4jARlAH_ZOm-LaM"
"Food and drink spots","Sicha Premium Thai Tea","Section 3, Soi 46/2. ~100 ฿, ask for less sweet","Sat","https://www.google.com/maps/search/?api=1&query=Sicha%20Premium%20Thai%20Tea%20Chatuchak&query_place_id=ChIJIQTWgyCd4jAR-fixnjLsZLg"
"Food and drink spots","Pui Pui mango sticky rice","Section 3, Soi 42/1, no. 021. 90 ฿ small, 140 ฿ big","Sat","https://www.google.com/maps/search/?api=1&query=Pui%20Pui%20Mango%20sticky%20rice%20Chatuchak&query_place_id=ChIJGba_L72d4jARUN5qN_qLoUQ"
"Food and drink spots","Beef noodles","Section 4, Soi 48/3. Dry beef noodles ~100 ฿, chicken rice 80 ฿","Sat","https://www.google.com/maps/search/?api=1&query=Beef%20noodles%20Jatujak%20market&query_place_id=ChIJr5uCqaad4jARuiwAnWHqHjc"
"Food and drink spots","Pork balls","Section 5, Soi 53/1, no. 024. Made fresh, short queue","Sat","https://www.google.com/maps/search/?api=1&query=Chatuchak%20famous%20pork%20ball&query_place_id=ChIJTyMI-jqd4jARD1XNYORwaNU"
"Food and drink spots","Mae Sumontha roast pork","Section 22, Soi 4/2. Honey-glazed pork, pork burger. No English sign","Sat","https://www.google.com/maps/search/?api=1&query=Roasted%20Honey%20Glazed%20Pork%20Mae%20Sumontha&query_place_id=ChIJyaweqRWc4jARszM8RKge0Gw"
"Food and drink spots","Auntie Tim's pork leg rice","hidden back aisle, use the Map pin","Sat","https://www.google.com/maps/search/?api=1&query=Auntie%20Tim's%20Pork%20Leg%20Rice%20Chatuchak&query_place_id=ChIJbUP1AjCd4jARXSu892gWLek"
"Food and drink spots","ENCHANTÉ","fresh fruit on coconut ice cream in a coconut, ~140 ฿","Sat","https://www.google.com/maps/search/?api=1&query=ENCHANTE%20Chatuchak&query_place_id=ChIJjyTwz1ad4jARL_yIz5mRI30"
"Food and drink spots","168 Thai Restaurant","","Sat","https://www.google.com/maps/search/?api=1&query=168%20Thai%20Restaurant%20Chatuchak%20Market&query_place_id=ChIJYbm0DROd4jARoQyBuJwrgT0"
"Food and drink spots","Jek Pui Curry","curry rice on red stools","Sat","https://www.google.com/maps/search/?api=1&query=Khao%20Gaeng%20Jek%20Pui&query_place_id=ChIJhdkNRSKZ4jARo-VgQ65HGYU"
"Food and drink spots","Ann Guay Tiew Kua Gai","fried chicken noodles, Luang Rd","Sat","https://www.google.com/maps/search/?api=1&query=Ann%20Guay%20Tiew%20Kua%20Gai&query_place_id=ChIJP05uSiOZ4jARd53xV1UgGp8"
"Food and drink spots","T&K Seafood","crab and seafood, air-con seats","Sat","https://www.google.com/maps/search/?api=1&query=T%20%26%20K%20Seafood%20Yaowarat&query_place_id=ChIJLyZrciGZ4jARC1iQWHQDdOU"
"Food and drink spots","Lek Seafood","across the road from T&K","Sat","https://www.google.com/maps/search/?api=1&query=Lek%20Seafood%20Yaowarat&query_place_id=ChIJ9yiUcSGZ4jAR15Dnbu72HKk"
"Food and drink spots","Fikeaw Yaowarat","grilled lobster, crab, Soi 11","Sat","https://www.google.com/maps/search/?api=1&query=Fikeaw%20Yaowarat&query_place_id=ChIJd5aTUzswEBERxUd4l-c4a4k"
"Food and drink spots","Guy Kao","grilled squid and octopus stall, mixed reviews","Sat","https://www.google.com/maps/search/?api=1&query=Guy%20Kao%20Grilled%20Squid%20Yaowarat&query_place_id=ChIJDb2Wk_-Z4jAR1HH-KI1jVsg"
"Food and drink spots","Tungchae Oyster Bar","Plaeng Nam Rd","Sat","https://www.google.com/maps/search/?api=1&query=Tungchae%20Oyster%20bar%20Yaowarat&query_place_id=ChIJp1GSYIyZ4jARTH4gBZ4sORI"
"Food and drink spots","Guay Jub Ouan Pochana","must try: guay jub","Sat","https://www.google.com/maps/search/?api=1&query=Guay%20Jub%20Ouan%20Pochana&query_place_id=ChIJ_f2SjiGZ4jARZ_oV924fllg"
"Food and drink spots","Nai Ek Roll Noodle","guay jub, crispy pork","Sat","https://www.google.com/maps/search/?api=1&query=Nai%20Ek%20Roll%20Noodle&query_place_id=ChIJqf3idSGZ4jAR2rKmc655Qmk"
"Food and drink spots","Hong Sieng Kong","river-view cafe in an old Chinese house","Sun","https://www.google.com/maps/search/?api=1&query=Hong%20Sieng%20Kong&query_place_id=ChIJ580MFqCZ4jARh5fpv9GvfSs"
"Food and drink spots","The Summer Coffee","cheap, well rated","Sun","https://www.google.com/maps/search/?api=1&query=The%20Summer%20Coffee%20Talat%20Noi&query_place_id=ChIJs77ujN6Z4jARRhSuQRX7U-o"
"Food and drink spots","House of Supha","coffee","Sun","https://www.google.com/maps/search/?api=1&query=House%20of%20Supha&query_place_id=ChIJbcLfrM-Z4jARD7GvKF9K9k4"
"Food and drink spots","KHIRI Thai Tea flagship","try On Cloud","Sun","https://www.google.com/maps/search/?api=1&query=KHIRI%20Thai%20Tea%20Flagship%20Store&query_place_id=ChIJ_0P3hgOZ4jARaor-5UJtKgo"
"Food and drink spots","HUGS Songwat Cafe","Songwat Rd","Sun","https://www.google.com/maps/search/?api=1&query=HUGS%20SONGWAT%20CAFE&query_place_id=ChIJZVkzVU6Z4jARkpN8tuNnbo4"
"Food and drink spots","Olive Kitchen x The Branch","brunch, Songwat Rd","Sun","https://www.google.com/maps/search/?api=1&query=Olive%20Kitchen%20x%20The%20Branch%20Songwat&query_place_id=ChIJUR8cHQCZ4jARY9VegF909rA"
"Food and drink spots","After You buns (take-away)","","Sun","https://www.google.com/maps/search/?api=1&query=After%20You%20Dessert%20Cafe%20Suvarnabhumi%20Airport&query_place_id=ChIJvYD4tIZnHTERa0Ad4VJfkbY"
"Food and drink spots","Garrett Popcorn","","Sun","https://www.google.com/maps/search/?api=1&query=Garrett%20Popcorn%20Suvarnabhumi%20Airport&query_place_id=ChIJ1Uhth9VnHTERYM-8jrf7DDs"
"Shopping and gifts","Gentlewoman flagship","Soi 7, VAT refund for tourists","Thu","https://www.google.com/maps/search/?api=1&query=GENTLEWOMAN%20Flagship%20Store%20Siam%20Square&query_place_id=ChIJeyw3j5qf4jARJT-cjhJ6ih0"
"Shopping and gifts","MITH Bangkok","2F Zone B. Try Nude, Another Tea, Oud & Black Tea, Mystery for Him","Thu","https://www.google.com/maps/search/?api=1&query=MITH%20Bangkok%20CentralWorld&query_place_id=ChIJ7WK83M-e4jARtzQE99uVtc8"
"Shopping and gifts","Butterfly Thai Perfume","1F Hug Thai zone. Try Mango Sticky Rice, Sweet Tea, Agarwood & Benzoin. ~2,590 ฿/60 ml","Thu","https://www.google.com/maps/search/?api=1&query=Butterfly%20Thai%20Perfume%20Central%20World&query_place_id=ChIJ19HYWROf4jARImeCiNCTOxM"
"Shopping and gifts","IKEA Emsphere","3rd floor, food corner","Thu","https://www.google.com/maps/search/?api=1&query=IKEA%20Sukhumvit%20Emsphere&query_place_id=ChIJFYJ6q7ef4jARBeF4ZjmUEHk"
"Shopping and gifts","(un)FASHION District","Soi 39, ~5 min walk. Japanese-style vintage clothes, homeware, cafe","Thu","https://www.google.com/maps/search/?api=1&query=(un)FASHION%20District%20S39&query_place_id=ChIJZe3DG02f4jARLq_xOM2rdoE"
"Shopping and gifts","Salted egg tarts","a reviewer took 16 boxes home, look around","Fri","https://www.google.com/maps/search/?api=1&query=Wang%20Lang%20Market&query_place_id=ChIJqZVFQ0CZ4jARcYeRi9n6IJk"
"Shopping and gifts","Tao Kae Noi seaweed","big multi-packs, cheaper than 7-Eleven","Fri","https://www.google.com/maps/search/?api=1&query=Makro%20Sathorn%20Bangkok"
"Shopping and gifts","Bento squid snacks","spicy, buy the box of small packs to share out","Fri","https://www.google.com/maps/search/?api=1&query=Makro%20Sathorn%20Bangkok"
"Shopping and gifts","Koh-Kae peanuts","coconut or BBQ flavour, light to carry","Fri","https://www.google.com/maps/search/?api=1&query=Makro%20Sathorn%20Bangkok"
"Shopping and gifts","Dried mango, durian chips","dried fruit aisle; freeze-dried durian is a hit back home","Fri","https://www.google.com/maps/search/?api=1&query=Makro%20Sathorn%20Bangkok"
"Shopping and gifts","Thai tea mix","ChaTraMue or Number One bags, make Thai milk tea at home","Fri","https://www.google.com/maps/search/?api=1&query=Makro%20Sathorn%20Bangkok"
"Shopping and gifts","Tom yum and pad Thai paste","Lobo or Por Kwan packets, cheap gift for people who cook","Fri","https://www.google.com/maps/search/?api=1&query=Makro%20Sathorn%20Bangkok"
"Shopping and gifts","Mama tom yum noodles","creamy shrimp flavour, buy a pack of 10","Fri","https://www.google.com/maps/search/?api=1&query=Makro%20Sathorn%20Bangkok"
"Shopping and gifts","Balms and inhalers","Poy Sian, Hong Thai, Siang Pure. Else 7-Eleven or Big C","Fri","https://www.google.com/maps/search/?api=1&query=Makro%20Sathorn%20Bangkok"
"Shopping and gifts","SELL THE SOULS","Si Phraya Rd, on the way back from Makro. Indie tees, zines, toys, tattoo flash books, vintage corner at the back","Fri","https://www.google.com/maps/search/?api=1&query=SELL%20THE%20SOULS%20Bangkok&query_place_id=ChIJPbkjAgCZ4jARgKgzVcKaCyA"
"Shopping and gifts","Royal Project Shop","highland produce and tea, small cafe next door","Sat","https://www.google.com/maps/search/?api=1&query=Royal%20Project%20Shop%20Or%20Tor%20Kor&query_place_id=ChIJmSTqGBSc4jARN-amj_negC0"
"Shopping and gifts","Scent District Bangkok","Section 15, Soi 10/6, rooms 188–189. Thai niche perfume brands","Sat","https://www.google.com/maps/search/?api=1&query=Scent%20District%20Bangkok&query_place_id=ChIJj6yrDN6d4jARgbS5hisCIkI"
"Shopping and gifts","Witch's Scent","DIY perfume workshop, Thai brands","Sat","https://www.google.com/maps/search/?api=1&query=Witch's%20Scent%20Thai%20Perfume&query_place_id=ChIJtXRAUYed4jARRRDyKeFCz9Y"
"Shopping and gifts","Breezy","Section 28, room 401. Aroma sprays, herbal rollers, candles for gifts","Sat","https://www.google.com/maps/search/?api=1&query=Breezy%20Chatuchak&query_place_id=ChIJ82uxQ1-d4jARS3BSXlEpyus"
"Shopping and gifts","Karmakamet","by the MRT Kamphaeng Phet exit. Aroma sticks, room sprays","Sat","https://www.google.com/maps/search/?api=1&query=Karmakamet%20Chatuchak%20Weekend%20Market&query_place_id=ChIJ_zTRIw6d4jARAw18dZsMg54"
"Shopping and gifts","Nice Little Clay Shop","Section 7, Soi 3, no. 110–112. Hand-painted mugs and ceramics","Sat","https://www.google.com/maps/search/?api=1&query=Nice%20Little%20Clay%20Shop&query_place_id=ChIJWfHOpIad4jARnFW1EQbc0fs"
"Shopping and gifts","Lovely Soap","Section 9, Soi 18/2, rooms 345–347. Handmade soaps, good small gifts","Sat","https://www.google.com/maps/search/?api=1&query=Lovely%20soap%20Chatuchak&query_place_id=ChIJuyl4XBWc4jAR7KBlpvQrp3A"
"Shopping and gifts","Little Thailand Global","Section 7, Soi 4. Thai inhalers, herbal sprays, cheap pharmacy souvenirs","Sat","https://www.google.com/maps/search/?api=1&query=Little%20Thailand%20Global%20Chatuchak%20Market&query_place_id=ChIJVyDiad-d4jARMbxCgh5k3uU"
"Shopping and gifts","Shoes Shi, Union Mall","","Sat","https://www.google.com/maps/search/?api=1&query=Shoes%20Shi%20Union%20Mall&query_place_id=ChIJw_4exFqc4jARXQk7iwANycw"
"Shopping and gifts","Sampeng Market","cheap accessories, clothes, snacks","Sun","https://www.google.com/maps/search/?api=1&query=Sampheng%20Market&query_place_id=ChIJQ0hhIRmZ4jAR7Xt0Q5uQcZ8"
"Places and things to do","GUMP's Ari","photo spots","Thu","https://www.google.com/maps/search/?api=1&query=GUMP's%20Ari%20Community%20Space&query_place_id=ChIJM1j7INCd4jARvFX44ACwYQU"
"Places and things to do","Jim Thompson House","","Thu","https://www.google.com/maps/search/?api=1&query=Jim%20Thompson%20House%20Museum&query_place_id=ChIJWVT7hDKZ4jARGJOhe21RhOk"
"Places and things to do","Photobooth at True Alpha Hub","Siam Square Soi 3, true coffee on the G floor","Thu","https://www.google.com/maps/search/?api=1&query=True%20Alpha%20Hub&query_place_id=ChIJsZu4YNKe4jAR_rUm6FC4ZM0"
"Places and things to do","Andy & Fine photo house","photobooth, room 305","Thu","https://www.google.com/maps/search/?api=1&query=Andy%20%26%20Fine%20Photo%20house%20BACC&query_place_id=ChIJFavXJYOf4jARTagrVssPs_Y"
"Places and things to do","BKK Comics Art Festival","6–18 Oct","Thu","https://www.google.com/maps/search/?api=1&query=Bangkok%20Art%20and%20Culture%20Centre"
"Places and things to do","Erawan Shrine","on the way","Thu","https://www.google.com/maps/search/?api=1&query=The%20Shrine%20of%20Erawan&query_place_id=ChIJcdjtDNCe4jARVBbi7rkb-jA"
"Places and things to do","The Commons Thonglor","Grab ~10 min. Open-air food hall and local brands. Only if you skip IKEA or (un)FASHION","Thu","https://www.google.com/maps/search/?api=1&query=The%20Commons%20Thonglor&query_place_id=ChIJmZKsCFOe4jARjZUEQW7WV58"
"Places and things to do","Grand Palace","","Fri","https://www.google.com/maps/search/?api=1&query=The%20Grand%20Palace&query_place_id=ChIJPzZsMU6Z4jARQUzvk913bCo"
"Places and things to do","Wang Lang Market","","Fri","https://www.google.com/maps/search/?api=1&query=Wang%20Lang%20Market&query_place_id=ChIJqZVFQ0CZ4jARcYeRi9n6IJk"
"Places and things to do","Wat Arun","","Fri","https://www.google.com/maps/search/?api=1&query=Wat%20Arun&query_place_id=ChIJaSv_6gaZ4jARnbiUVn6Z_YY"
"Places and things to do","Blue-flag boat at sunset","","Fri","https://www.google.com/maps/search/?api=1&query=Ratchawong%20Pier%20Bangkok"
"Places and things to do","DIY magnet","ask at Iconcraft","Fri","https://www.google.com/maps/search/?api=1&query=Iconcraft%20ICONSIAM&query_place_id=ChIJC5_UO82Z4jARSBaK_m1XvkI"
"Places and things to do","Talat Phlu stroll","","Sat","https://www.google.com/maps/search/?api=1&query=Talat%20Phlu%20food%20market&query_place_id=ChIJKbaIf16Y4jARc0vDYRX4Bi8"
"Places and things to do","Or Tor Kor Market","","Sat","https://www.google.com/maps/search/?api=1&query=Or%20Tor%20Kor%20Market&query_place_id=ChIJw4KnHhSc4jARdq9pN389cO8"
"Places and things to do","Chatuchak Weekend Market","","Sat","https://www.google.com/maps/search/?api=1&query=Chatuchak%20Weekend%20Market&query_place_id=ChIJ3fiD6BSc4jARS324hNeR8ZE"
"Places and things to do","MOCA Bangkok","","Sat","https://www.google.com/maps/search/?api=1&query=MOCA%20Bangkok%20Museum%20of%20Contemporary%20Art&query_place_id=ChIJR5NzOMOc4jAR-zcXjSL3h84"
"Places and things to do","Vegetarian Festival, Yaowarat","","Sat","https://www.google.com/maps/search/?api=1&query=Walking%20Street%20Yaowarat%20Old%20Market&query_place_id=ChIJGyiS5viZ4jARi-8bN1EgtBY"
"Places and things to do","Khlong Lat Mayom floating market","","Sun","https://www.google.com/maps/search/?api=1&query=Khlong%20Lad%20Mayom%20Floating%20Market&query_place_id=ChIJzddV98ed4jARsZ7Bi-51v2k"
"Places and things to do","TCDC design center","","Sun","https://www.google.com/maps/search/?api=1&query=TCDC%20Bangkok%20Thailand%20Creative%20%26%20Design%20Center&query_place_id=ChIJ_2a1LQKf4jAR8ya-XxsPfCg"
"Places and things to do","Talat Noi street art lanes","Soi Wanit 2 area","Sun","https://www.google.com/maps/search/?api=1&query=Talat%20Noi%20street%20art%20Soi%20Wanit%202"
"Places and things to do","The Corner House","4-floor creative space on Charoen Krung 35: cafes, vinyl, ceramics, craft beer, rooftop perfume shop","Sun","https://www.google.com/maps/search/?api=1&query=The%20Corner%20House%20Bangkok&query_place_id=ChIJe7wn3qWZ4jARoUTHZlsnBII"
"Places and things to do","965bkk","cafe and design shop in a 200-year-old merchant house. Order a drink to enter the cafe","Sun","https://www.google.com/maps/search/?api=1&query=965bkk%20Talat%20Noi&query_place_id=ChIJzyd4esyZ4jARjDlkOpNhnbI"
"Places and things to do","Soul Songwat","riverside old building, cafes","Sun","https://www.google.com/maps/search/?api=1&query=Soul%20Songwat&query_place_id=ChIJvwNAcMqZ4jARF1ITrVKgYK4"
"Places and things to do","Pak Khlong Talat","flower market, Grab ~10 min","Sun","https://www.google.com/maps/search/?api=1&query=Pak%20Khlong%20Talat&query_place_id=ChIJL-UmnhyZ4jARuwY-UTadgnI"
"Places and things to do","Qilin 麒麟","antique Chinese tea room, photo spots","Sun","https://www.google.com/maps/search/?api=1&query=Qilin%20tea%20room%20Chinatown&query_place_id=ChIJz3gKoNeZ4jARiKEHifCSNqg"
"Places and things to do","Wat Traimit","Golden Buddha, 5 min walk, 100 ฿","Sun","https://www.google.com/maps/search/?api=1&query=Wat%20Traimit%20Golden%20Buddha&query_place_id=ChIJWaoiBdmY4jAReVIX1maq_-I"
"Places and things to do","Lek Massage","foot massage before the flight","Sun","https://www.google.com/maps/search/?api=1&query=Lek%20Massage%20Chinatown%20MRT%20Wat%20Mangkon&query_place_id=ChIJdaL0r_CZ4jARfaymdeiPifU"